Tweet_Count,Username,Text,Created_At,Retweets,Likes,cleaned_tweet
1,A P O L L O ğŸ›¡ï¸ ğ•,"Sunny Lu the CEO of #VeChain will be joining #BlockchainLife2024 in Dubai.

Over 10,000+ attendees on October 22-23. The AI-powered translation of speeches to 70 languages included for everyone to join and understand.

#VET $VET #VeFam #Crypto #RWA #CryptoCommunity #NFT $VTHO https://t.co/ucoUSsOtWY",Fri Aug 02 15:57:02 +0000 2024,43,163,sunny lu ceo vechain will be joining blockchainlife dubai over attendees october aipowered translation speeches languages included everyone join understand vet vet vefam crypto rwa cryptocommunity nft vtho
2,A P O L L O ğŸ›¡ï¸ ğ•,"Daily reminder that today there are 
3,653,290 (+5,563 from yesterday) $VET active wallet addresses, YOU are one of them and youâ€™re EARLY!

#VeChain is not stopping, the momentum continuesâ€¦

#VeFam #CryptoÂ #VET #CryptoCommunity #NFT $VTHO",Fri Aug 02 03:09:02 +0000 2024,17,99,daily reminder today there are from yesterday vet active wallet addresses are one them youre early vechain stopping momentum continues vefam crypto vet cryptocommunity nft vtho
3,A P O L L O ğŸ›¡ï¸ ğ•,"#VeChain ğ˜… CCRI ğŸ’¥

Partnership with Crypto Carbon Ratings Institute (CCRI) to assess the climate &amp; environmental impact of the $VET network. 
This collaboration also aims to meet the sustainability indicators required by the upcoming MiCA regulation. ğŸ‘€
#VET #VeFam #Crypto #NFT https://t.co/lZR5JKxfC0",Thu Aug 01 13:44:12 +0000 2024,36,141,vechain ğ˜… ccri partnership crypto carbon ratings institute ccri assess climate amp environmental impact vet network collaboration also aims meet sustainability indicators required upcoming mica regulation vet vefam crypto nft
4,A P O L L O ğŸ›¡ï¸ ğ•,"Daily reminder that today there are 
3,647,727 (+2,295 from yesterday) $VET active wallet addresses, YOU are one of them and youâ€™re EARLY!

#VeChain is not stopping, the momentum continuesâ€¦

#VeFam #CryptoÂ #VET #CryptoCommunity #NFT $VTHO",Thu Aug 01 01:38:07 +0000 2024,10,85,daily reminder today there are from yesterday vet active wallet addresses are one them youre early vechain stopping momentum continues vefam crypto vet cryptocommunity nft vtho
5,Crypto News Flash,"Active Contracts on #VeChain Platform Explode as Sustainability Actions Worldwide Take Off
#VET $VET
https://t.co/uRAVW6azlk",Wed Jul 31 19:12:12 +0000 2024,25,125,active contracts vechain platform explode as sustainability actions worldwide take off vet vet
6,A P O L L O ğŸ›¡ï¸ ğ•,"2 days in week 5 of voting on #VeBetterDAO &amp; we are sitting at 33k of voters. ğŸ‘€ 

That 50k is coming sooner than we think.

Cast your vote, do sustainable actions &amp; get rewarded B3TR tokens. 
Itâ€™s that simple. #VeChain

#VET $VET #VeFam #Crypto #RWA #CryptoCommunity #NFT $VTHO https://t.co/FvjwkrYW1t",Wed Jul 31 11:46:54 +0000 2024,13,79,days week voting vebetterdao amp we are sitting k voters k coming sooner than we think cast your vote do sustainable actions amp get rewarded btr tokens its simple vechain vet vet vefam crypto rwa cryptocommunity nft vtho
7,Collin Brown,"ğŸš€ğŸš€ #VeChain is on fire! ğŸ”¥ Active Contracts are skyrocketing, reaching new heights! ğŸš€ğŸš€ 

It's all about the contracts that are actively executing EVM operations, fueled by incoming transactions (TXns in)! ğŸ“ˆ  

VeChain and Vefam, you're rocking it! ğŸ’ª #VeChain #VET #Vefam https://t.co/I7nDU81ZsB",Wed Jul 31 07:41:04 +0000 2024,39,145,vechain fire active contracts are skyrocketing reaching new heights its all about contracts are actively executing evm operations fueled incoming transactions txns vechain vefam youre rocking vechain vet vefam
8,A P O L L O ğŸ›¡ï¸ ğ•,"Daily reminder that today there are 
3,645,432 (+5,288 from yesterday) $VET active wallet addresses, YOU are one of them and youâ€™re EARLY!

Keep them coming. #VeChain is not stopping, the momentum continuesâ€¦

#VeFam #CryptoÂ #VET #CryptoCommunity #NFT $VTHO",Wed Jul 31 01:37:55 +0000 2024,16,103,daily reminder today there are from yesterday vet active wallet addresses are one them youre early keep them coming vechain stopping momentum continues vefam crypto vet cryptocommunity nft vtho
9,A P O L L O ğŸ›¡ï¸ ğ•,"#Vechain featured in a Blockchain for Sustainability article.

VeChain illustrates how #blockchain technology can be applied beyond financial transactions to promote eco-friendly practices &amp; enhance sustainability across various sectors.

#VET $VET #VeFam #Crypto #RWA #NFT $VTHO https://t.co/weBqKOIKUP",Tue Jul 30 08:19:44 +0000 2024,11,88,vechain featured blockchain sustainability article vechain illustrates how blockchain technology can be applied beyond financial transactions promote ecofriendly practices amp enhance sustainability across various sectors vet vet vefam crypto rwa nft vtho
10,A P O L L O ğŸ›¡ï¸ ğ•,"Daily reminder that today there are 
3,640,144 (+4,825 from yesterday) $VET active wallet addresses, YOU are one of them and youâ€™re EARLY!

Keep them coming. #VeChain is not stopping, the momentum continuesâ€¦

#VeFam #CryptoÂ #VET #CryptoCommunity #NFT $VTHO",Tue Jul 30 01:26:54 +0000 2024,12,96,daily reminder today there are from yesterday vet active wallet addresses are one them youre early keep them coming vechain stopping momentum continues vefam crypto vet cryptocommunity nft vtho
11,J316ğŸ‘‘,"If you love ANY or ALL or SOME of these then we need to be following each other. 

#TogetherWeWIN

$XRP #XRP
$XLM #XLM
$XDC #XDC
$SHX #SHX
$VELO #VELO
$NLT #NLT
$WTK #WTK
$XAU #XAU
$DAG #DAG
$SOLO #SOLO
$COREUM #COREUM
$ATOM #ATOM
$CSPR #CSPR
$HBAR #HBAR
$VET #VET
$IOTA #IOTA",Mon Jul 29 20:49:29 +0000 2024,17,134,if love any or all or some these then we need be following each other togetherwewin xrp xrp xlm xlm xdc xdc shx shx velo velo nlt nlt wtk wtk xau xau dag dag solo solo coreum coreum atom atom cspr cspr hbar hbar vet vet iota iota
12,Crypto Yapper,"$VET Bullish Retest ! ğŸš€

I've been warning you about this break out for #VET

We broke out of the Falling Channel and retest previous resistance as support

On the retest you could've entered the market in a Long and you would've made a significant gain already!

#Vechain ğŸ”¥ https://t.co/jBhJweRcC9",Mon Jul 29 14:58:00 +0000 2024,16,102,vet bullish retest ive been warning about break out vet we broke out falling channel retest previous resistance as support retest couldve entered market long wouldve made significant gain already vechain
13,Lucas â“‹,"Active Contracts on #VeChainThor blockchain are jumping through the roof ğŸš€
ChartğŸ“ˆ represents contracts that actively execute EVM operations by incoming transactions (TXns in)

Source: https://t.co/uYxkfQcDUh

#VeChain #VET #Vefam https://t.co/EliBLLKKQu",Mon Jul 29 11:20:27 +0000 2024,34,153,active contracts vechainthor blockchain are jumping through roof chart represents contracts actively execute evm operations incoming transactions txns source vechain vet vefam
14,A P O L L O ğŸ›¡ï¸ ğ•,"Daily reminder that today there are 
3,635,319 (+11,340 from yesterday) $VET active wallet addresses, YOU are one of them and youâ€™re EARLY!

Another day over 10k of wallets created #VeChain is not stopping, the momentum continuesâ€¦

#VeFam #CryptoÂ #VET #CryptoCommunity #NFT $VTHO",Mon Jul 29 01:09:59 +0000 2024,30,155,daily reminder today there are from yesterday vet active wallet addresses are one them youre early another day over k wallets created vechain stopping momentum continues vefam crypto vet cryptocommunity nft vtho
15,A P O L L O ğŸ›¡ï¸ ğ•,"#VeChain is the only way.

The real OG #RWA.

#VET $VET #VeFam #Crypto #VTHO #CryptoCommunity #NFT $VTHO https://t.co/4W8ACpSgiD",Sun Jul 28 13:17:51 +0000 2024,6,84,vechain only way real og rwa vet vet vefam crypto vtho cryptocommunity nft vtho
16,A P O L L O ğŸ›¡ï¸ ğ•,"Daily reminder that today there are 
3,623,979 (+24,097 from yesterday) $VET active wallet addresses, YOU are one of them and youâ€™re EARLY!

Casually 24k wallets created in a day. #VeChain is not stopping, the momentum continuesâ€¦

#VeFam #CryptoÂ #VET #CryptoCommunity #NFT $VTHO",Sun Jul 28 02:01:24 +0000 2024,24,141,daily reminder today there are from yesterday vet active wallet addresses are one them youre early casually k wallets created day vechain stopping momentum continues vefam crypto vet cryptocommunity nft vtho
17,Crypto Yapper,"$VET PERFECT RETEST ! ğŸš€

Previous resistance got retested as support and now #VET can aim for higher targets

I warned you about this trade on #Vechain ..

Break out target - $0.05 https://t.co/qPra1eYtXo",Sat Jul 27 12:25:00 +0000 2024,17,88,vet perfect retest previous resistance got retested as support now vet can aim higher targets warned about trade vechain break out target
18,A P O L L O ğŸ›¡ï¸ ğ•,"Daily reminder that today there are 
3,599,882 (+3,045 from yesterday) $VET active wallet addresses, YOU are one of them and youâ€™re EARLY!

VeChain is not stopping, the momentum continuesâ€¦

#VeFam #vechain #CryptoÂ #VET #CryptoCommunity #NFT $VTHO",Sat Jul 27 01:59:08 +0000 2024,12,86,daily reminder today there are from yesterday vet active wallet addresses are one them youre early vechain stopping momentum continues vefam vechain crypto vet cryptocommunity nft vtho
19,A P O L L O ğŸ›¡ï¸ ğ•,"Daily reminder that today there are 
3,596,837 (+8,676 from yesterday) $VET active wallet addresses, YOU are one of them and youâ€™re EARLY!

110% increase since yesterday VeChain is not stopping, the momentum continuesâ€¦

#VeFam #vechain #CryptoÂ #VET #CryptoCommunity #NFT $VTHO",Fri Jul 26 01:08:04 +0000 2024,17,95,daily reminder today there are from yesterday vet active wallet addresses are one them youre early increase since yesterday vechain stopping momentum continues vefam vechain crypto vet cryptocommunity nft vtho
20,A P O L L O ğŸ›¡ï¸ ğ•,"#VeBetterDAO on #VeChain cracked over 20k voters in only round 4. ğŸ‰ 

Gradually, then suddenly!

#VET $VET #VeFam #Crypto #RWA #CryptoCommunity #NFT $VTHO https://t.co/1cy67nsSne",Thu Jul 25 13:25:25 +0000 2024,18,102,vebetterdao vechain cracked over k voters only round gradually then suddenly vet vet vefam crypto rwa cryptocommunity nft vtho
21,A P O L L O ğŸ›¡ï¸ ğ•,"#VeChain as a Platinum sponsor at @blockchain_rio 2024.

Have a splendid Day 1, TEAM!

#VET $VET #VeFam #Crypto #RWA #CryptoCommunity #NFT $VTHO https://t.co/ZN1iT74MT4",Thu Jul 25 05:00:13 +0000 2024,16,92,vechain as platinum sponsor have splendid day team vet vet vefam crypto rwa cryptocommunity nft vtho
22,A P O L L O ğŸ›¡ï¸ ğ•,"Daily reminder that today there are 
3,588,161 (+4,197 from yesterday) $VET active wallet addresses, YOU are one of them and youâ€™re EARLY!

VeChain is not stopping, the momentum continuesâ€¦

#VeFam #vechain #CryptoÂ #VET #CryptoCommunity #NFT $VTHO",Thu Jul 25 01:36:56 +0000 2024,16,84,daily reminder today there are from yesterday vet active wallet addresses are one them youre early vechain stopping momentum continues vefam vechain crypto vet cryptocommunity nft vtho
23,Aj,"ğŸš¨VECHAIN GIVEAWAYğŸš¨

TWO winners will receive this merch pack and ONE person will win $200 in #VET! ğŸš€ğŸš€

To enter: Like and Rt THIS POST &amp; follow @vechainofficial! 

Big shout out to the #VeFam! ğŸ™ https://t.co/HLFV3vZ69l",Wed Jul 24 19:15:59 +0000 2024,1286,1545,vechain giveaway two winners will receive merch pack one person will win vet enter like rt post amp follow big shout out vefam
24,A P O L L O ğŸ›¡ï¸ ğ•,"Daily reminder that today there are 
3,583,964 (+2,221 from yesterday) $VET active wallet addresses, YOU are one of them and youâ€™re EARLY!

VeChain is not stopping, the momentum continuesâ€¦

#VeFam #vechain #CryptoÂ #VET #CryptoCommunity #NFT $VTHO",Wed Jul 24 01:16:51 +0000 2024,15,89,daily reminder today there are from yesterday vet active wallet addresses are one them youre early vechain stopping momentum continues vefam vechain crypto vet cryptocommunity nft vtho
25,Aj,Should I do a #VET giveaway? ğŸ¤”,Tue Jul 23 20:03:21 +0000 2024,18,167,should do vet giveaway
26,Crypto News Flash,"#VeChain Integrates $VTHO for Carbon Credit Purchases: Carboneers Sequesters 220 Carbon Years
#VET $VET
https://t.co/jEym5xGdNT",Tue Jul 23 19:12:00 +0000 2024,25,109,vechain integrates vtho carbon credit purchases carboneers sequesters carbon years vet vet
27,A P O L L O ğŸ›¡ï¸ ğ•,"You can now import all your $VET trades by ease.

Simply paste you #VeChain address and thatâ€™s it, via CoinTracking.

#VET #VeFam #Crypto #RWA #CryptoCommunity #NFT $VTHO https://t.co/GaxyOtIBHy",Tue Jul 23 10:08:57 +0000 2024,21,137,can now import all your vet trades ease simply paste vechain address thats via cointracking vet vefam crypto rwa cryptocommunity nft vtho
28,Lucas â“‹,"If you ask me #VeChain chart looks amazing and #VET will be testing a new hight in no time ğŸ“ˆ
Exciting times ahead of us #VeFam ğŸ¥Š

#Web3 #RWA #AI #Sustainability https://t.co/BqTJZDveB0",Tue Jul 23 09:17:37 +0000 2024,14,124,if ask me vechain chart looks amazing vet will be testing new hight no time exciting times ahead us vefam web rwa ai sustainability
29,A P O L L O ğŸ›¡ï¸ ğ•,"Daily reminder that today there are 
3,581,743 (+3,682 from yesterday) $VET active wallet addresses, YOU are one of them and youâ€™re EARLY!

VeChain is not stopping, the momentum continuesâ€¦

#VeFam #vechain #CryptoÂ #VET #CryptoCommunity #NFT $VTHO",Tue Jul 23 02:05:11 +0000 2024,15,92,daily reminder today there are from yesterday vet active wallet addresses are one them youre early vechain stopping momentum continues vefam vechain crypto vet cryptocommunity nft vtho
30,A P O L L O ğŸ›¡ï¸ ğ•,"#VeChain has loads of tools available.
If you look at the docs, you'll see multiple SDKs for writing wallet connections, managing wallets, reusing front-end components etc..

But once you know which ones to use, it actually all becomes very simple.

#VET $VET #VeFam #Crypto #NFT https://t.co/6zLiyhQ4fA",Mon Jul 22 11:56:10 +0000 2024,22,119,vechain has loads tools available if look docs youll see multiple sdks writing wallet connections managing wallets reusing frontend components etc but once know which ones use actually all becomes very simple vet vet vefam crypto nft
31,A P O L L O ğŸ›¡ï¸ ğ•,"Daily reminder that today there are 
3,578,061 (+4,618 from yesterday) $VET active wallet addresses, YOU are one of them and youâ€™re EARLY!

VeChain is not stopping, the momentum continuesâ€¦

#VeFam #vechain #CryptoÂ #VET #CryptoCommunity #NFT $VTHO",Mon Jul 22 01:17:53 +0000 2024,14,98,daily reminder today there are from yesterday vet active wallet addresses are one them youre early vechain stopping momentum continues vefam vechain crypto vet cryptocommunity nft vtho
32,Aj,"DAMN! #VET is looking good right now! ğŸš€ 

We have a BULL CROSS on the 6-hour chart &amp; it JUST bounced off the 200 EMA!  

#VeFam, we're 7.5% from the 2023 high at 0.0326 and we're 15.28% from the point of control on the VRVP! 

When @vechainofficial breaks out...IT'S ON! ğŸ‚ğŸƒâ€â™‚ï¸ https://t.co/i1iOfLXQOt",Sun Jul 21 21:59:27 +0000 2024,40,187,damn vet looking good right now we have bull cross hour chart amp just bounced off ema vefam were from high were from point control vrvp when breaks outits
33,A P O L L O ğŸ›¡ï¸ ğ•,"Closing the week of voting with over 16k voters on #VeBetterDAO #VeChain
Decent increase week in week out.

Voting closing in 11h. Cast your vote if you havenâ€™t and swap those B3TR tokens to VOT3, for more rewards and voting powerâ—ï¸ 

#VET $VET #VeFam #Crypto #RWA #NFT $VTHO https://t.co/JdWtPujz4B",Sun Jul 21 13:17:04 +0000 2024,19,88,closing week voting over k voters vebetterdao vechain decent increase week week out voting closing h cast your vote if havent swap those btr tokens vot more rewards voting power vet vet vefam crypto rwa nft vtho
34,Lucas â“‹,VeChain Gets VET On iOS With Apple Pay Integration https://t.co/a0Mb8wTNLo via @TimesTabloid1 #VeChain #VET #VeFam,Sun Jul 21 05:18:54 +0000 2024,25,155,vechain gets vet ios apple pay integration via vechain vet vefam
35,Lucas â“‹,"Grayscale Recognizes VeChain as a Potential Hot Investment, VET Surge Imminent ğŸ“ˆ https://t.co/KT7EiOnAQt via @cryptonewsland #VeChain #VET #VeFam",Sun Jul 21 05:17:52 +0000 2024,50,149,grayscale recognizes vechain as potential hot investment vet surge imminent via vechain vet vefam
36,A P O L L O ğŸ›¡ï¸ ğ•,"Daily reminder that today there are 
3,573,443 (+3,296 from yesterday) $VET active wallet addresses, YOU are one of them and youâ€™re EARLY!

VeChain is not stopping, the momentum continuesâ€¦

#VeFam #vechain #CryptoÂ #VET #CryptoCommunity #NFT $VTHO",Sun Jul 21 01:40:38 +0000 2024,15,96,daily reminder today there are from yesterday vet active wallet addresses are one them youre early vechain stopping momentum continues vefam vechain crypto vet cryptocommunity nft vtho
37,Skandy.vet,"Can't wait to see $VET back over 5cts!

Soon ğŸ”¥

#VeChain #VET $VTHO",Sat Jul 20 14:31:23 +0000 2024,11,123,cant wait see vet back over cts soon vechain vet vtho
38,A P O L L O ğŸ›¡ï¸ ğ•,"They are all buying $VET. The real #RWA.

#VeChain #VET #VeFam #Crypto #CryptoCommunity #NFT $VTHO",Sat Jul 20 14:08:50 +0000 2024,16,113,they are all buying vet real rwa vechain vet vefam crypto cryptocommunity nft vtho
39,A P O L L O ğŸ›¡ï¸ ğ•,"Daily reminder that today there are 
3,570,147 (+2,184 from yesterday) $VET active wallet addresses, YOU are one of them and youâ€™re EARLY!

VeChain is not stopping, the momentum continuesâ€¦

#VeFam #vechain #CryptoÂ #VET #CryptoCommunity #NFT $VTHO",Sat Jul 20 01:47:13 +0000 2024,13,104,daily reminder today there are from yesterday vet active wallet addresses are one them youre early vechain stopping momentum continues vefam vechain crypto vet cryptocommunity nft vtho
40,Aj,"ğŸš¨FRIDAY DCAğŸš¨
($500 in each)
#ONDO 
#HBAR 
#VET
#GRT
#ALGO 
#JASMY

If I was to add ONE MORE project, what should it be?",Fri Jul 19 20:04:47 +0000 2024,18,287,friday dca each ondo hbar vet grt algo jasmy if was add one more project what should be
41,A P O L L O ğŸ›¡ï¸ ğ•,"#VeFam deserves a different approach from the #VeChain marketing grants.

People that live and breathe about everything VeChain $VET does on daily basis, for years.

There is so much more it can be done to upscale #VeBetterDAO.

Let those individuals help.
#VET #Crypto #NFT $VTHO https://t.co/ugLtNjH7vT",Fri Jul 19 18:22:27 +0000 2024,32,123,vefam deserves different approach from vechain marketing grants people live breathe about everything vechain vet does daily basis years there so much more can be done upscale vebetterdao let those individuals help vet crypto nft vtho
42,Lucas â“‹,"#VeChain identified by @Grayscale leading crypto asset manager team as a candidate for inclusion in a future investment products! ğŸ‘
Real world utility can't be ignored anymore ğŸ“ˆğŸš€

Source: https://t.co/336nUzqUqTâ€¦

@vechainofficial #VET #VeFam https://t.co/Elg3ICP1RX",Fri Jul 19 12:26:29 +0000 2024,102,320,vechain identified leading crypto asset manager team as candidate inclusion future investment products real world utility cant be ignored anymore source vet vefam
43,Lucas â“‹,"#VeChain is a leader in the tokenization and provenance tracking field since 2015, leverages its extensive experience, enterprise reputation, and technological expertise to position the #VeChainThor blockchain at the forefront of the #RWA space ğŸš€

#VET #VeFam",Fri Jul 19 11:39:34 +0000 2024,37,165,vechain leader tokenization provenance tracking field since leverages its extensive experience enterprise reputation technological expertise position vechainthor blockchain forefront rwa space vet vefam
44,A P O L L O ğŸ›¡ï¸ ğ•,"Daily reminder that today there are 
3,567,963 (+2,130 from yesterday) $VET active wallet addresses, YOU are one of them and youâ€™re EARLY!

VeChain is not stopping, the momentum continuesâ€¦

#VeFam #vechain #CryptoÂ #VET #CryptoCommunity #NFT $VTHO",Fri Jul 19 01:30:02 +0000 2024,13,105,daily reminder today there are from yesterday vet active wallet addresses are one them youre early vechain stopping momentum continues vefam vechain crypto vet cryptocommunity nft vtho
45,A P O L L O ğŸ›¡ï¸ ğ•,"#VeChain was featured in a Digital Passport for Automobiles using Blockchain Technology article.

The automotive industry is on a brink of going through a significant transformation, driven by the advent of blockchain technology, $VET being the pioneer.

#VET #VeFam #Crypto #NFT https://t.co/9qTKwDqAJx",Thu Jul 18 08:57:15 +0000 2024,59,224,vechain was featured digital passport automobiles using blockchain technology article automotive industry brink going through significant transformation driven advent blockchain technology vet being pioneer vet vefam crypto nft
46,A P O L L O ğŸ›¡ï¸ ğ•,"Daily reminder that today there are 
3,565,833 (+2,341 from yesterday) $VET active wallet addresses, YOU are one of them and youâ€™re EARLY!

VeChain is not stopping, the momentum continuesâ€¦

#VeFam #vechain #CryptoÂ #VET #CryptoCommunity #NFT $VTHO",Thu Jul 18 01:53:43 +0000 2024,12,85,daily reminder today there are from yesterday vet active wallet addresses are one them youre early vechain stopping momentum continues vefam vechain crypto vet cryptocommunity nft vtho
47,Crypto Yapper,"$VET UP 60% ğŸ“ˆğŸš€

#VET bounced from critical support and then pumped hard

We broke the falling wedge and it is now looking very bullish for #Vechain ! https://t.co/o9tPctYwEq",Wed Jul 17 14:17:56 +0000 2024,21,133,vet up vet bounced from critical support then pumped hard we broke falling wedge now looking very bullish vechain
48,Lucas â“‹,"VeChain Partners with Magma and T-Blocks to Revolutionize Albania's ğŸ‡¦ğŸ‡±Real Estate Sector. ğŸ‘

#VeChain #VET #VeFam @magmarealestate @tblocks_io 
https://t.co/tCuAqsXhwB",Wed Jul 17 12:06:01 +0000 2024,18,109,vechain partners magma tblocks revolutionize albanias real estate sector vechain vet vefam
49,Crypto EA,"If $VET reaches $0.04 in 24 hours, I will give away 100,000 #VET to a follower who reposts this post!",Wed Jul 17 11:37:44 +0000 2024,69,141,if vet reaches hours will give away vet follower who reposts post
50,CoinsKid,"#vechain / Daily

5 waves up âœ…ï¸

Way back in March #vet was part of my analysis that led me down the macro correction route. We have filled a god candle backtest as support (green line) and now we see that #vet is running into a god candle backtest as resistance (red line). https://t.co/08rSW6DsOP",Wed Jul 17 05:42:01 +0000 2024,12,123,vechain daily waves up way back march vet was part my analysis led me down macro correction route we have filled god candle backtest as support green line now we see vet running into god candle backtest as resistance red line
51,A P O L L O ğŸ›¡ï¸ ğ•,"Daily reminder that today there are 
3,563,492 (+2,127 from yesterday) $VET active wallet addresses, YOU are one of them and youâ€™re EARLY!

VeChain is not stopping, the momentum continuesâ€¦

#VeFam #vechain #CryptoÂ #VET #CryptoCommunity #NFT $VTHO",Wed Jul 17 01:43:38 +0000 2024,20,114,daily reminder today there are from yesterday vet active wallet addresses are one them youre early vechain stopping momentum continues vefam vechain crypto vet cryptocommunity nft vtho
52,Crypto EA,"Who is still holding $VET right now?

SPEAK UP!

#VET",Tue Jul 16 13:25:33 +0000 2024,7,129,who still holding vet right now speak up vet
53,A P O L L O ğŸ›¡ï¸ ğ•,"#VeChain breaking through its monthly resistance as one of the top monthly gainers in the top 100 #Crypto.

$VET will make it and you will be glad that you stuck around.

#VET #VeFam #CryptoCommunity #RWA #NFT $VTHO https://t.co/3ZBgtfPcdc",Tue Jul 16 11:53:56 +0000 2024,37,184,vechain breaking through its monthly resistance as one top monthly gainers top crypto vet will make will be glad stuck around vet vefam cryptocommunity rwa nft vtho
54,A P O L L O ğŸ›¡ï¸ ğ•,"Daily reminder that today there are 
3,561,365 (+5,252 from yesterday) $VET active wallet addresses, YOU are one of them and youâ€™re EARLY!

VeChain is not stopping, the momentum continuesâ€¦

#VeFam #vechain #CryptoÂ #VET #CryptoCommunity #NFT $VTHO",Tue Jul 16 01:39:26 +0000 2024,31,132,daily reminder today there are from yesterday vet active wallet addresses are one them youre early vechain stopping momentum continues vefam vechain crypto vet cryptocommunity nft vtho
55,Aj,"ğŸš¨ #VEFAM ğŸš¨

The Volume Profile on #VeChain tells a story A LOT of people might not see! 

We're looking at a 40% move to the point of control. 
(BREAKOUT COMING SOON)ğŸš€ğŸš€

#VET is also 70% move away from it's yearly high!

Crypto Portfolio Update!â¬‡ï¸â¬‡ï¸ 
https://t.co/m54t91U37G https://t.co/rr36CyHSyg",Mon Jul 15 19:09:18 +0000 2024,33,126,vefam volume profile vechain tells story lot people might see were looking move point control breakout coming soon vet also move away from its yearly high crypto portfolio update
56,abermix,"$vet
Retesting the macro trend line was long and frustrating, but here we are.

As I said before, I believe #vet has found the bottom
Accumulate now, or regret later.
No FA.

#vechain #Altcoins https://t.co/u8Yg4Y1Dgf",Mon Jul 15 15:14:15 +0000 2024,30,124,vet retesting macro trend line was long frustrating but here we are as said before believe vet has found bottom accumulate now or regret later no fa vechain altcoins
57,Lucas â“‹,Plumb: the new frontier of sustainable shopping on VeChain . #VeChain #VET #VeFam https://t.co/Jxa66AtIhP via @The Cryptonomist,Mon Jul 15 14:40:16 +0000 2024,26,122,plumb new frontier sustainable shopping vechain vechain vet vefam via cryptonomist
58,Lucas â“‹,"#Vechain has introduced FUEGO, a decentralized application where users can burn #VTHO for #B3TR tokens while contributing to various sustainability initiatives ğŸŒ±ğŸš€  https://t.co/PMvwMSGQEb  #VET #VeFam",Mon Jul 15 14:38:36 +0000 2024,36,149,vechain has introduced fuego decentralized application where users can burn vtho btr tokens while contributing various sustainability initiatives vet vefam
59,Lucas â“‹,I am pleased to observe that the #VeChain ecosystem is growing ğŸ“ˆand #VeBetterDAO is a significant accomplishment for #VET and #VeFamğŸ‘,Mon Jul 15 14:32:34 +0000 2024,29,123,am pleased observe vechain ecosystem growing vebetterdao significant accomplishment vet vefam
60,Crypto Yapper,"$VET Breaking Out ğŸš€

#VET is breaking the daily downtrend and looks ready to create more bullish price action!

The break out target of this formation will be $0.05 

Did you buy the #Vechain dip ? https://t.co/N0L8yE7QIK",Mon Jul 15 13:09:00 +0000 2024,11,107,vet breaking out vet breaking daily downtrend looks ready create more bullish price action break out target formation will be did buy vechain dip
61,A P O L L O ğŸ›¡ï¸ ğ•,"$VET up 75% in volume in the last 24h also Open Interest is up in double digits.

#VeChain is screaming to break out in price. Charts looking prime. ğŸ‘€ 

#VET #VeFam #Crypto #RWA #NFT #CryptoCommunity $VTHO https://t.co/egbrASUJ8Y",Mon Jul 15 03:04:15 +0000 2024,45,204,vet up volume last h also open interest up double digits vechain screaming break out price charts looking prime vet vefam crypto rwa nft cryptocommunity vtho
62,A P O L L O ğŸ›¡ï¸ ğ•,"Daily reminder that today there are 
3,556,113 (+2,480 from yesterday) $VET active wallet addresses, YOU are one of them and youâ€™re EARLY!

VeChain is not stopping, the momentum continuesâ€¦

#VeFam #vechain #CryptoÂ #VET #CryptoCommunity #NFT $VTHO",Mon Jul 15 02:53:30 +0000 2024,24,102,daily reminder today there are from yesterday vet active wallet addresses are one them youre early vechain stopping momentum continues vefam vechain crypto vet cryptocommunity nft vtho
63,EGRAG CRYPTO,#VET flip 0.03642c and then the road is open. https://t.co/4yB1CEilTJ,Sun Jul 14 21:02:42 +0000 2024,14,99,vet flip c then road open
64,Crypto_bear_or_bullâ“¥ OG of Crypto,Good to see #VET $VET #VeChain back above the 0.03$ mark https://t.co/MkhWztdD3R,Sun Jul 14 16:14:59 +0000 2024,5,85,good see vet vet vechain back above mark
65,A P O L L O ğŸ›¡ï¸ ğ•,"Donâ€™t forget to swap those B3TR tokens into VOT3 to maximise your voting power and rewards on #VeChain #VeBetterDAO

9 hours until the next round of voting begins.

10.25k voters so far and growing.

Together-stronger. ğŸ’ªğŸ¼
#VET $VET #VeFam #Crypto #RWA #CryptoCommunity #NFT $VTHO https://t.co/LAKjA8MyMM",Sun Jul 14 14:39:25 +0000 2024,27,99,dont forget swap those btr tokens into vot maximise your voting power rewards vechain vebetterdao hours until next round voting begins k voters so far growing togetherstronger vet vet vefam crypto rwa cryptocommunity nft vtho
66,Crypto_James â“‹,"âš¡ï¸VeChain update. 

RSI MA Crossover + Bullish Engulfing, typically, it forms at the end of an established downtrend and often signals a trend reversal...

Will #VET hit $0,40 by December 2024? https://t.co/pKphuLkYNn",Sun Jul 14 12:00:40 +0000 2024,53,229,vechain update rsi ma crossover bullish engulfing typically forms end an established downtrend often signals trend reversal will vet hit december
67,A P O L L O ğŸ›¡ï¸ ğ•,"Daily reminder that today there are 
3,553,633 (+6,690 from yesterday) $VET active wallet addresses, YOU are one of them and youâ€™re EARLY!

Increase of 300% since yesterday. VeChain is not stopping, the momentum continues

#VeFam #vechain #CryptoÂ #VET #CryptoCommunity #NFT $VTHO",Sun Jul 14 01:37:42 +0000 2024,30,107,daily reminder today there are from yesterday vet active wallet addresses are one them youre early increase since yesterday vechain stopping momentum continues vefam vechain crypto vet cryptocommunity nft vtho
68,PabloCRO,"#trump just got Shot 
Looks like #CRYPTO will be a Full Send 
as he just won OFFICE .
#MSI #PMPY #ETH #VET #ADA https://t.co/peAwatmkeO",Sat Jul 13 23:04:28 +0000 2024,71,174,trump just got shot looks like crypto will be full send as he just won office msi pmpy eth vet ada
69,Skandy.vet,"Nice weekend pump for $VET!

Crossing 0.029 heading for 3 cents.

Expecting a big run for $VET in the coming alt run.

#VeChain is on top of their game.

#VeFam #VET $VTHO",Sat Jul 13 22:10:20 +0000 2024,19,94,nice weekend pump vet crossing heading cents expecting big run vet coming alt run vechain top their game vefam vet vtho
70,A P O L L O ğŸ›¡ï¸ ğ•,"$VET wants to take off. ğŸ“ˆ

#VeChain #VET #Crypto #VeFam #RWA #CryptoCommunity #NFT $VTHO https://t.co/6cS7UqgoAy",Sat Jul 13 19:47:49 +0000 2024,20,138,vet wants take off vechain vet crypto vefam rwa cryptocommunity nft vtho
71,Lucas â“‹,The VeChain VeBetterDAO Sees Increased Adoption in Japan ğŸ‡¯ğŸ‡µğŸš€  https://t.co/lgBl8RGfqV cez @The Crypto Basic #Vechain #VET #VeFam #VeBetterDAO,Sat Jul 13 06:56:04 +0000 2024,21,113,vechain vebetterdao sees increased adoption japan cez crypto basic vechain vet vefam vebetterdao
72,Lucas â“‹,VET/BTC pair finally broke out of the descending channel pattern after doble bottom bullish ğŸš€formation. It's time to gain some dominance and move up the ladder. ğŸ“ˆ #VeChain #VET #VeFam https://t.co/Lah9HBGUHU,Fri Jul 12 13:54:02 +0000 2024,24,144,vetbtc pair finally broke out descending channel pattern after doble bottom bullish formation its time gain some dominance move up ladder vechain vet vefam
73,Crypto News Flash,"#VeChain's VeBetterDAO Secures Historic Partnership with Molino Bruno
#VET $VET
https://t.co/6fto61qq35",Fri Jul 12 12:47:21 +0000 2024,13,116,vechains vebetterdao secures historic partnership molino bruno vet vet
74,Aj,"ğŸš¨BULL CROSS INCOMINGğŸš¨

#Vechain 2 hour chart

Wouldnâ€™t be surprised to see it retest the 200EMA, but itâ€™s good that it got above support resistance at 0.025.

#VET is a 107% pump away from its 2024 high! ğŸš€

Thatâ€™s a strong double up for the #VeFam! ğŸ’ª https://t.co/b95YeVxgLt",Fri Jul 12 01:03:39 +0000 2024,17,99,bull cross incoming vechain hour chart wouldnt be surprised see retest ema but its good got above support resistance vet pump away from its high thats strong double up vefam
75,A P O L L O ğŸ›¡ï¸ ğ•,"#VeBetterDAO just hit 10k voters in less than 2 weeks being live on mainnet. ğŸ‘ğŸ»

Earn B3TR tokens by voting and doing #sustainable actions.

Itâ€™s only getting started! 

#VeChain #VET $VET #VeFam #Crypto #RWA #CryptoCommunity #NFT $VTHO https://t.co/vwG6G0JbiV",Thu Jul 11 10:43:42 +0000 2024,17,106,vebetterdao just hit k voters less than weeks being live mainnet earn btr tokens voting doing sustainable actions its only getting started vechain vet vet vefam crypto rwa cryptocommunity nft vtho
76,Lucas â“‹,"Sunny Lu Says VeChain Is Getting Hot in Japan, Puts VET On Path to $1.80 https://t.co/dR9dBmvHzP via @TimesTabloid1 #VeChain #VET #VeFam",Thu Jul 11 10:11:19 +0000 2024,49,207,sunny lu says vechain getting hot japan puts vet path via vechain vet vefam
77,Lucas â“‹,"#VeChain is bouncing from an important technical and pychological $0.02 level. It's up over 30% in the last 7 days and printing Hidden Bullish Divergence on the Weekly time frame ğŸ“ˆ #VET #VeFam 

#Web3 #RWA #Sustainability https://t.co/MnH08z8E9m",Thu Jul 11 09:41:47 +0000 2024,20,107,vechain bouncing from an important technical pychological level its up over last days printing hidden bullish divergence weekly time frame vet vefam web rwa sustainability
78,Lucas â“‹,"Buying #VeChain #VET has never been easier.
Great work team, #Veworld wallet is the best wallet I interacted with in crypto space so far ğŸ‘ #VeFam",Thu Jul 11 09:23:35 +0000 2024,8,80,buying vechain vet has never been easier great work team veworld wallet best wallet interacted crypto space so far vefam
79,A P O L L O ğŸ›¡ï¸ ğ•,"Daily reminder that today there are 
3,542,852 (+2,447 from yesterday) $VET active wallet addresses, YOU are one of them and youâ€™re EARLY!

VeChain is not stopping, the momentum continuesâ€¦

#VeFam #vechain #CryptoÂ #VET #CryptoCommunity #NFT $VTHO",Thu Jul 11 02:57:10 +0000 2024,9,82,daily reminder today there are from yesterday vet active wallet addresses are one them youre early vechain stopping momentum continues vefam vechain crypto vet cryptocommunity nft vtho
80,Crypto EA,BIG PUMP INCOMING #VET ğŸš€,Wed Jul 10 21:58:03 +0000 2024,8,98,big pump incoming vet
81,Crypto EA,"#VET the ranking ladder! Which one are you? 

ğŸ‹ Big Whale = +5,000,000 VET
ğŸ³ Whale = +2,000,000 VET
ğŸ¦ˆ Shark = +1,000,000 VET
ğŸ¬ Dolphin = +600,000 VET
ğŸŸ Fish = +300,000 VET
ğŸ™ Octopus = +150,000 VET
ğŸ¦€ Crab = +5,0000 VET
ğŸ¦ Shrimp = +10,000 VET
ğŸª± Worm = + 1,000 VET",Wed Jul 10 15:14:18 +0000 2024,12,96,vet ranking ladder which one are big whale vet whale vet shark vet dolphin vet fish vet octopus vet crab vet shrimp vet worm vet
82,Amina Shahzad,"""VeChain's supply chain solutions are gaining traction. VET is one to keep an eye on. #VeChain #VET",Wed Jul 10 12:41:42 +0000 2024,31,238,vechains supply chain solutions are gaining traction vet one keep an eye vechain vet
83,A P O L L O ğŸ›¡ï¸ ğ•,"The voters on #VeChain #VeBetterDAO are increasing mid into the second week of voting since mainnet.

3x increase since testnet, looks promising. 

Looking forward to breaking 10k voters very soon. 

#VET $VET #VeFam #Crypto #RWA #CryptoCommunity #DAO #NFT $VTHO https://t.co/4COxKC0ROq",Wed Jul 10 09:00:59 +0000 2024,16,94,voters vechain vebetterdao are increasing mid into second week voting since mainnet x increase since testnet looks promising looking forward breaking k voters very soon vet vet vefam crypto rwa cryptocommunity dao nft vtho
84,A P O L L O ğŸ›¡ï¸ ğ•,"$VET listed on Switchere.

Buy #VeChain with Visa/Mastercard, SEPA, Bank transfer or even Apple Pay.

#VET #VeFam #Crypto #RWA #CryptoCommunity #NFT $VTHO https://t.co/HhH4HIGsIl",Tue Jul 09 13:25:26 +0000 2024,27,150,vet listed switchere buy vechain visamastercard sepa bank transfer or even apple pay vet vefam crypto rwa cryptocommunity nft vtho
85,A P O L L O ğŸ›¡ï¸ ğ•,"#Vechain is constantly hiring and growing.

Current jobs listed for expansion of their technical team â¬‡ï¸

Product Designer 
Test Analyst 
Full Stack Developer

https://t.co/VthUbAJEqb

Iâ€™ll take a marketing job @vechainofficial ğŸ˜‰

#VET $VET #VeFam #Crypto #RWA #Web3 #NFT $VTHO https://t.co/ob0rH8lT5i",Tue Jul 09 09:02:05 +0000 2024,22,113,vechain constantly hiring growing current jobs listed expansion their technical team product designer test analyst full stack developer ill take marketing job vet vet vefam crypto rwa web nft vtho
86,A P O L L O ğŸ›¡ï¸ ğ•,"Daily reminder that today there are 
3,538,190 (+4,051 from yesterday) $VET active wallet addresses, YOU are one of them and youâ€™re EARLY!

VeChain is not stopping, the momentum continuesâ€¦

#VeFam #vechain #CryptoÂ #VET #CryptoCommunity #NFT $VTHO",Tue Jul 09 02:29:31 +0000 2024,17,95,daily reminder today there are from yesterday vet active wallet addresses are one them youre early vechain stopping momentum continues vefam vechain crypto vet cryptocommunity nft vtho
87,Lucas â“‹,"VeChain Patent for Mobile Inventory System on Blockchain has been approved.âœ…
#VeChain #VET #VeFam 
 https://t.co/jC0DfmNiEA",Mon Jul 08 19:04:03 +0000 2024,34,128,vechain patent mobile inventory system blockchain has been approved vechain vet vefam
88,EGRAG CRYPTO,"ğŸš€ #VET #BULLRUN in Progress! ğŸš€

Amidst the ongoing #BTC saga, #VET is holding strong! ğŸ’ª I believe we are nearing corrective wave 2ï¸âƒ£ and gearing up for wave 3ï¸âƒ£. Get ready for that epic #blowofftop around $1.5-1.8! ğŸ’¥ğŸ”¥

ğŸ“ˆğŸŒŸ #VeChain 

#VET will unlock ur financial chains. https://t.co/3qmPBv3BYI",Mon Jul 08 18:11:03 +0000 2024,66,227,vet bullrun progress amidst ongoing btc saga vet holding strong believe we are nearing corrective wave gearing up wave get ready epic blowofftop around vechain vet will unlock ur financial chains
89,Crypto EA,Just leave a like if you hold #VET! https://t.co/G5crOfc5vo,Mon Jul 08 18:07:51 +0000 2024,7,137,just leave like if hold vet
90,Crypto News Flash,"#VeChain Secures Patent for Mobile Inventory System on Blockchain
#VET $VET
https://t.co/C4e6Rzi6ID",Mon Jul 08 13:55:25 +0000 2024,21,123,vechain secures patent mobile inventory system blockchain vet vet
91,A P O L L O ğŸ›¡ï¸ ğ•,"Daily reminder that today there are 
3,534,139 (+1,539 from yesterday) $VET active wallet addresses, YOU are one of them and youâ€™re EARLY!

VeChain is not stopping, the momentum continuesâ€¦

#VeFam #vechain #CryptoÂ #VET #CryptoCommunity #NFT $VTHO",Mon Jul 08 02:23:29 +0000 2024,13,83,daily reminder today there are from yesterday vet active wallet addresses are one them youre early vechain stopping momentum continues vefam vechain crypto vet cryptocommunity nft vtho
92,A P O L L O ğŸ›¡ï¸ ğ•,"#VeChain is one of the greenest blockchains in #Crypto, only used 5.6 tonnes of carbon emission last year.

To give you a clearer picture, running a full year on $VET is equivalent to flying 200kg (2 m2) from Hong Kong to Stockholm &amp; back (5.6 tonnes).

ğŸ¤¯

#VET #VeFam #NFT $VTHO https://t.co/kAVQKXEPRp",Sun Jul 07 14:10:53 +0000 2024,29,154,vechain one greenest blockchains crypto only used tonnes carbon emission last year give clearer picture running full year vet equivalent flying kg m from hong kong stockholm amp back tonnes vet vefam nft vtho
93,Crypto Yapper,"$VET Holding Weekly Support ğŸ’ª

#VET is showing strength at this important level on the weekly timeframe

After a huge downtrend we want to see a trend reversal soon for $VET

Let's see if next week can finally bullish for #Vechain https://t.co/mZNfypKsUs",Sun Jul 07 11:36:00 +0000 2024,16,78,vet holding weekly support vet showing strength important level weekly timeframe after huge downtrend we want see trend reversal soon vet lets see if next week can finally bullish vechain
94,A P O L L O ğŸ›¡ï¸ ğ•,"Daily reminder that today there are 
3,532,600 (+1,605 from yesterday) $VET active wallet addresses, YOU are one of them and youâ€™re EARLY!

VeChain is not stopping, the momentum continuesâ€¦

#VeFam #vechain #CryptoÂ #VET #CryptoCommunity #NFT $VTHO",Sun Jul 07 03:19:11 +0000 2024,12,97,daily reminder today there are from yesterday vet active wallet addresses are one them youre early vechain stopping momentum continues vefam vechain crypto vet cryptocommunity nft vtho
95,Arlo from Oz,Mum says Iâ€™m going to the vet tomorrow â€œto get tutoredâ€ ğŸ‘¨â€ğŸ“mmmm I may have got it wrong  - wish me luck ğŸ¥œğŸ€ #vet #dogs #goldenretrievers https://t.co/1rTdGXNGPO,Sat Jul 06 21:17:13 +0000 2024,21,717,mum says im going vet tomorrow get tutored mmmm may have got wrong wish me luck vet dogs goldenretrievers
96,Lucas â“‹,"History doesn't always repeat, but it often rhymes ğŸ“ˆ.

#VeChain #VET #VeFam https://t.co/gM6qwqVjUi",Sat Jul 06 11:46:07 +0000 2024,13,113,history doesnt always repeat but often rhymes vechain vet vefam
97,Lucas â“‹,"Strong Bullish Divergence at VET/BTC - WeeklyğŸ‘€ğŸ“ˆ

#VeChain #VET #VeFam #BTC https://t.co/W2Us9SGsqu",Sat Jul 06 11:28:31 +0000 2024,9,85,strong bullish divergence vetbtc weekly vechain vet vefam btc
98,Lucas â“‹,VeChain Eyes Massive Bull Run with RWAs and Sustainability ğŸš€ https://t.co/EnSra4qTdz #VeChain #VET #VeFam #RWA #Sustainability,Sat Jul 06 11:04:55 +0000 2024,16,80,vechain eyes massive bull run rwas sustainability vechain vet vefam rwa sustainability
99,A P O L L O ğŸ›¡ï¸ ğ•,"$VET listed on mycoinchange. 

#VeChain #VET #VeFam #Crypto #RWA #CryptoCommunity #NFT $VTHO https://t.co/nmueaI2z0G",Sat Jul 06 02:50:39 +0000 2024,29,160,vet listed mycoinchange vechain vet vefam crypto rwa cryptocommunity nft vtho
100,A P O L L O ğŸ›¡ï¸ ğ•,"Daily reminder that today there are 
3,530,995 (+3,642 from yesterday) $VET active wallet addresses, YOU are one of them and youâ€™re EARLY!

VeChain is not stopping, the momentum continuesâ€¦

#VeFam #vechain #CryptoÂ #VET #CryptoCommunity #NFT $VTHO",Sat Jul 06 02:09:39 +0000 2024,15,96,daily reminder today there are from yesterday vet active wallet addresses are one them youre early vechain stopping momentum continues vefam vechain crypto vet cryptocommunity nft vtho
101,A P O L L O ğŸ›¡ï¸ ğ•,"Daily reminder that today there are 
3,527,353 (+7, 426 from yesterday) $VET active wallet addresses, YOU are one of them and youâ€™re EARLY!

Increase by 500% from yesterday VeChain is not stopping, the momentum continuesâ€¦

#VeFam #vechain #CryptoÂ #VET #CryptoCommunity #NFT $VTHO",Fri Jul 05 02:15:10 +0000 2024,19,90,daily reminder today there are from yesterday vet active wallet addresses are one them youre early increase from yesterday vechain stopping momentum continues vefam vechain crypto vet cryptocommunity nft vtho
102,PabloCRO,"Everyone whoâ€™s clueless is jeeting the marketğŸ¤£

Guys itâ€™s manipulation to kill the Longs.
#Bullrun2024 is in Full effect !!!

#ETH #ADA #VET #PMPY #MSI ğŸš€",Fri Jul 05 01:52:36 +0000 2024,36,87,everyone whos clueless jeeting market guys its manipulation kill longs bullrun full effect eth ada vet pmpy msi
103,Lucas â“‹,#VeChain is connecting customers to your product with the state-of-the-art #IoT solutions secured on blockchain. #VET #VeFam #RWA ğŸ‘,Thu Jul 04 17:29:09 +0000 2024,15,105,vechain connecting customers your product stateoftheart iot solutions secured blockchain vet vefam rwa
104,A P O L L O ğŸ›¡ï¸ ğ•,"#VeChain has been included in the top 5 #Crypto AI tokens.

Promising AI solution for supply chain management. 

Leading AI solution* ğŸ˜‰

#VET $VET #VeFam #CryptoCommunity #RWA #NFT $VTHO #SupplyChain https://t.co/ZTbrIrtqRE",Thu Jul 04 13:47:08 +0000 2024,49,211,vechain has been included top crypto ai tokens promising ai solution supply chain management leading ai solution vet vet vefam cryptocommunity rwa nft vtho supplychain
105,A P O L L O ğŸ›¡ï¸ ğ•,"DeFi growing on #VeChain

VeStation (Sustainable DeFi. Launching ssUSD, integration VeBetterDAO for efficiency &amp; sustainability in $VET blockchain finance).

VeSwap (DEX built on #VET, bringing 
DeFi services &amp; assist in the sustainable development of VeBetterDAO).
#VeFam #Crypto https://t.co/AyoCl6BwJV",Wed Jul 03 11:18:33 +0000 2024,16,102,defi growing vechain vestation sustainable defi launching ssusd integration vebetterdao efficiency amp sustainability vet blockchain finance veswap dex built vet bringing defi services amp assist sustainable development vebetterdao vefam crypto
106,Crypto Yapper,"#Vechain Breaking Bullish

$VET broke bullish out of this consolidating formation on the 4hr timeframe

Resistance was retested as support and now #VET can aim for higher targets.

What is your prediction for $VET in the coming weeks ? https://t.co/nEePPH1OKD",Tue Jul 02 12:58:00 +0000 2024,9,82,vechain breaking bullish vet broke bullish out consolidating formation hr timeframe resistance was retested as support now vet can aim higher targets what your prediction vet coming weeks
107,A P O L L O ğŸ›¡ï¸ ğ•,"#VeCarbon paper accepted by Applied Energy. An efficient real-time carbon neutralization mechanism is proposed, the Modelx+MRV+O system based on the IoT &amp; blockchain technology, which is suitable for most carbon emission reduction scenarios

#Vechain #VET $VET #VeFam #Crypto #NFT https://t.co/mu3pntz5hG",Tue Jul 02 05:50:28 +0000 2024,20,113,vecarbon paper accepted applied energy an efficient realtime carbon neutralization mechanism proposed modelxmrvo system based iot amp blockchain technology which suitable most carbon emission reduction scenarios vechain vet vet vefam crypto nft
108,A P O L L O ğŸ›¡ï¸ ğ•,"Daily reminder that today there are 
3,516,820 (+1,760 from yesterday) $VET active wallet addresses, YOU are one of them and youâ€™re EARLY!

vechain is not stopping, the momentum continuesâ€¦

#VeFam #vechain #CryptoÂ #VET #CryptoCommunity #NFT $VTHO",Tue Jul 02 02:04:08 +0000 2024,8,82,daily reminder today there are from yesterday vet active wallet addresses are one them youre early vechain stopping momentum continues vefam vechain crypto vet cryptocommunity nft vtho
109,GOC ğŸ”±,"#VET is testing a very important resistance zone that was sending the price lower last year.

If we hold it after breaking out from here, we can test new highs or else weâ€™ll stay below the level and spend some time in the re-accumulation area below.

#Btc #Crypto #Analysis https://t.co/pxUVTOCusc",Mon Jul 01 15:48:14 +0000 2024,4,524,vet testing very important resistance zone was sending price lower last year if we hold after breaking out from here we can test new highs or else well stay below level spend some time reaccumulation area below btc crypto analysis
110,A P O L L O ğŸ›¡ï¸ ğ•,"Project called Plumb emerged victorious at the VeChain Hackathon! 
Plumb is designed to revolutionize shopping stainbly to earn money.

Congrats to the team, #VeFam canâ€™t wait to see how the project evolves.

#VeChain #VET $VET #Crypto #RWA #CryptoCommunity #NFT $VTHO https://t.co/mxP2USUSoD",Mon Jul 01 10:34:42 +0000 2024,14,84,project called plumb emerged victorious vechain hackathon plumb designed revolutionize shopping stainbly earn money congrats team vefam cant wait see how project evolves vechain vet vet crypto rwa cryptocommunity nft vtho
111,Aj,"RWAs are projected to be worth $16 to 68 TRILLION by 2030...

Sustainability: $26 TRILLION by 2030

@vechainofficial, aiming at both narratives, is primed to have one HELL of a bull run! 

Big thank you to @sunshinelu24! #VET

#VECHAIN PRICE PREDICTION â¬‡ï¸
https://t.co/uGPmIglZ4X https://t.co/2Nx2IPh6Ap",Mon Jul 01 03:00:34 +0000 2024,51,233,rwas are projected be worth trillion sustainability trillion aiming both narratives primed have one hell bull run big thank vet vechain price prediction
